{"cameraMode":{"drawMode":0,"name":"Shaded","section":"Shading Mode"},"sceneLighting":true,"audioPlay":false,"sceneViewState":{"showFog":true,"showMaterialUpdate":false,"showSkybox":true,"showFlares":true,"showImageEffects":true,"showParticleSystems":true,"showVisualEffectGraphs":true,"m_FxEnabled":true},"in2DMode":false,"pivot":{"x":0.46895140409469607,"y":0.9815149307250977,"z":0.721785306930542},"rotation":{"x":-0.14360061287879945,"y":0.6056351661682129,"z":-0.11227843165397644,"w":-0.7745836973190308},"size":0.4360765218734741,"orthographic":false}