{"cameraMode":{"drawMode":0,"name":"Shaded","section":"Shading Mode"},"sceneLighting":true,"audioPlay":false,"sceneViewState":{"showFog":true,"showMaterialUpdate":false,"showSkybox":true,"showFlares":true,"showImageEffects":true,"showParticleSystems":true,"showVisualEffectGraphs":true,"m_FxEnabled":true},"in2DMode":false,"pivot":{"x":0.47122180461883547,"y":1.014608383178711,"z":0.6419025659561157},"rotation":{"x":-0.27134695649147036,"y":-0.010975872166454792,"z":0.003092681523412466,"w":-0.9624177813529968},"size":0.20615535974502564,"orthographic":false}