{"cameraMode":{"drawMode":0,"name":"Shaded","section":"Shading Mode"},"sceneLighting":true,"audioPlay":false,"sceneViewState":{"showFog":true,"showMaterialUpdate":false,"showSkybox":true,"showFlares":true,"showImageEffects":true,"showParticleSystems":true,"showVisualEffectGraphs":true,"m_FxEnabled":true},"in2DMode":false,"pivot":{"x":-0.4634999632835388,"y":0.824999988079071,"z":0.33249998092651369},"rotation":{"x":-0.27134695649147036,"y":-0.010975872166454792,"z":0.003092681523412466,"w":-0.9624177813529968},"size":1.7323806285858155,"orthographic":false}